,date,stope_id,stope_width,rock_density,depth,zone
0,2024-01-01T00:00:00.000,STOPE_01,16.4901424590337,2.772347139765763,564.7688538100692,East
1,2024-01-01T00:00:00.000,STOPE_02,19.569089569224076,2.6166346312363253,487.5852819727232,East
2,2024-01-01T00:00:00.000,STOPE_03,15.837123876600414,3.002103056961305,441.9121865976485,North
3,2024-01-01T00:00:00.000,STOPE_04,13.424490578465557,3.0924756240692033,653.8714967614598,North
4,2024-01-01T00:00:00.000,STOPE_05,9.825246502460901,2.6875424941518054,398.71688796655764,West
5,2024-01-02T00:00:00.000,STOPE_01,15.942741997785822,2.8444157803129486,423.2023498056923,West
6,2024-01-02T00:00:00.000,STOPE_02,22.678464093113377,2.87884660437592,512.221916522268,North
7,2024-01-02T00:00:00.000,STOPE_03,13.45369301372264,2.7413201707282675,497.01614306402513,North
8,2024-01-02T00:00:00.000,STOPE_04,13.198083930243586,2.7416612500413446,439.8293387770603,East
9,2024-01-02T00:00:00.000,STOPE_05,20.556834553526812,3.026045638779407,537.3118914729419,East
10,2024-01-03T00:00:00.000,STOPE_01,14.311648638504131,2.8778697826512243,373.4880886077358,South
11,2024-01-03T00:00:00.000,STOPE_02,18.275976793073013,2.8645999594556595,360.6583059127296,North
12,2024-01-03T00:00:00.000,STOPE_03,17.215399739986232,2.8342736562379938,488.4351717611759,West
13,2024-01-03T00:00:00.000,STOPE_04,14.096688913232134,2.8526972080460418,664.1771116014077,West
14,2024-01-03T00:00:00.000,STOPE_05,10.959965707915963,2.6238817467905786,386.94476953184335,East
15,2024-01-04T00:00:00.000,STOPE_01,15.403286647884066,2.4248646455586966,363.3217861113702,West
16,2024-01-04T00:00:00.000,STOPE_02,18.092998567487854,2.9862560238232394,416.07824767773616,East
17,2024-01-04T00:00:00.000,STOPE_03,14.072362872446357,2.766358982380183,616.4768645504524,North
18,2024-01-04T00:00:00.000,STOPE_04,14.466803636188034,2.71792333826274,617.9716344700701,West
19,2024-01-04T00:00:00.000,STOPE_05,12.305376181632965,2.891577015400003,331.57126216341186,East
20,2024-01-05T00:00:00.000,STOPE_01,16.084908075142902,2.670976049078975,536.1395605508415,East
21,2024-01-05T00:00:00.000,STOPE_02,19.614109699397908,2.6770248481165377,533.2892440488929,West
22,2024-01-05T00:00:00.000,STOPE_03,10.743748624225791,3.008498323467884,590.3532490625843,East
23,2024-01-05T00:00:00.000,STOPE_04,15.057000993186449,2.9745410195981035,728.7225982957292,North
24,2024-01-05T00:00:00.000,STOPE_05,12.574519191320437,2.6996485912830925,591.5402117702074,West
25,2024-01-06T00:00:00.000,STOPE_01,15.986253328979053,2.7170470731189065,360.12591183941424,South
26,2024-01-06T00:00:00.000,STOPE_02,19.115586400649327,2.8351106587909665,469.0711453555422,North
27,2024-01-06T00:00:00.000,STOPE_03,17.019376508321926,2.9699842408124697,368.8675774248891,North
28,2024-01-06T00:00:00.000,STOPE_04,15.888360831193728,2.8522110544359776,500.5113456642461,North
29,2024-01-06T00:00:00.000,STOPE_05,14.29623859987456,3.189023122897357,484.66635424838597,South
30,2024-01-07T00:00:00.000,STOPE_01,16.35880897960053,2.766787818329787,521.4938830094756,North
31,2024-01-07T00:00:00.000,STOPE_02,8.933055200412795,2.6674523373243573,485.3527193258384,South
32,2024-01-07T00:00:00.000,STOPE_03,9.243686354102875,2.7946972249101565,506.02302099410264,South
33,2024-01-07T00:00:00.000,STOPE_04,22.38972633745586,2.783982532929502,475.86198683557876,North
34,2024-01-07T00:00:00.000,STOPE_05,13.275872377159802,2.715700355932023,533.9820964186644,West
35,2024-01-08T00:00:00.000,STOPE_01,14.977859550166281,2.6474746071569695,516.8659387193295,West
36,2024-01-08T00:00:00.000,STOPE_02,17.373095841129143,2.618122509041052,640.2794310936099,South
37,2024-01-08T00:00:00.000,STOPE_03,10.794446811623157,3.043610087551302,461.0541975696518,West
38,2024-01-08T00:00:00.000,STOPE_04,13.51970255339002,2.98463252166839,670.6604953678462,East
39,2024-01-08T00:00:00.000,STOPE_05,17.620768246906138,2.977502322883254,560.5483130847675,West
40,2024-01-09T00:00:00.000,STOPE_01,11.813088858821686,2.894718486127036,408.0575765766197,South
41,2024-01-09T00:00:00.000,STOPE_02,19.649803215052618,2.896395827800579,592.6456358620322,North
42,2024-01-09T00:00:00.000,STOPE_03,13.929764922695417,2.911224359706793,604.3860610918658,North
43,2024-01-09T00:00:00.000,STOPE_04,16.57934448400409,2.4578940842949937,511.89784918959856,North
44,2024-01-09T00:00:00.000,STOPE_05,15.77964838274527,2.956364574355462,376.3049289121918,West
45,2024-01-10T00:00:00.000,STOPE_01,11.038630160747172,2.821742359925477,510.57636470277606,South
46,2024-01-10T00:00:00.000,STOPE_02,16.852922536533434,3.043414159396022,522.6288269498875,East
47,2024-01-10T00:00:00.000,STOPE_03,17.542204297729917,2.9133788141574173,483.54995658380955,North
48,2024-01-10T00:00:00.000,STOPE_04,20.59732353343427,2.8947665841823573,380.86965027973514,North
49,2024-01-10T00:00:00.000,STOPE_05,16.96966082590149,2.7990286110697937,461.6676693734097,West
50,2024-01-11T00:00:00.000,STOPE_01,17.30993207979238,3.05367790448078,542.4486244056451,North
51,2024-01-11T00:00:00.000,STOPE_02,17.82160675488603,2.926848059252858,806.1095214378261,South
52,2024-01-11T00:00:00.000,STOPE_03,12.33145671112343,2.636837943006912,492.2898290585896,South
53,2024-01-11T00:00:00.000,STOPE_04,16.02345592444993,2.7718202891065298,587.2161859353454,North
54,2024-01-11T00:00:00.000,STOPE_05,23.203266477185224,2.818753086030389,359.3594732818451,North
55,2024-01-12T00:00:00.000,STOPE_01,14.896411031715575,3.3567876092979674,496.8813201833156,West
56,2024-01-12T00:00:00.000,STOPE_02,11.787322505816663,2.8964944830486368,477.6537214674149,North
57,2024-01-12T00:00:00.000,STOPE_03,17.142001482276275,2.774479041143725,534.1590805948716,South
58,2024-01-12T00:00:00.000,STOPE_04,13.642613302965993,2.9554099589807215,604.5571168346316,West
59,2024-01-12T00:00:00.000,STOPE_05,13.973574862183856,2.3363863503624342,473.19816481571274,South
60,2024-01-13T00:00:00.000,STOPE_01,15.519542777553546,2.8770634759457674,411.6142563798867,West
61,2024-01-13T00:00:00.000,STOPE_02,15.461175317836584,2.5704560054349996,638.9602828146591,East
62,2024-01-13T00:00:00.000,STOPE_03,18.172270526587127,2.8102721718959267,587.2447157660454,East
63,2024-01-13T00:00:00.000,STOPE_04,18.198595632293213,2.8899548076977464,677.8924343885961,South
64,2024-01-13T00:00:00.000,STOPE_05,16.54510580162598,2.9027571901824416,551.5047686306048,North
65,2024-01-14T00:00:00.000,STOPE_01,26.558194471964164,2.688811020445076,487.22651715361144,East
66,2024-01-14T00:00:00.000,STOPE_02,11.542303885019955,2.499846321358565,516.5022798109338,South
67,2024-01-14T00:00:00.000,STOPE_03,12.432213246511896,2.6173174925355167,454.4966826012434,South
68,2024-01-14T00:00:00.000,STOPE_04,17.058780571123542,2.4774568257620695,452.80681342105663,West
69,2024-01-14T00:00:00.000,STOPE_05,18.2668517909021,2.993278400394483,448.9055532713038,West
70,2024-01-15T00:00:00.000,STOPE_01,16.648729035188,2.545825638624792,738.9035957392463,East
71,2024-01-15T00:00:00.000,STOPE_02,20.5302412749616,2.7785611049677748,451.37827142468757,East
72,2024-01-15T00:00:00.000,STOPE_03,12.622437784701898,2.77705271170662,550.4987278980457,North
73,2024-01-15T00:00:00.000,STOPE_04,17.597265582510364,2.4902342640351813,465.6870935895902,South
74,2024-01-15T00:00:00.000,STOPE_05,17.836145070262702,3.0532813710745748,537.7296265460409,South
75,2024-01-16T00:00:00.000,STOPE_01,19.95405295943847,2.563285366411092,522.8970432230437,South
76,2024-01-16T00:00:00.000,STOPE_02,16.331458284438686,2.9549268106858673,407.3069528421917,West
77,2024-01-16T00:00:00.000,STOPE_03,14.8214239318146,2.6901494185271395,609.6796254441404,South
78,2024-01-16T00:00:00.000,STOPE_04,9.015115285327052,2.539961431681312,654.3067651859084,South
79,2024-01-16T00:00:00.000,STOPE_05,18.96979142145371,2.800362722238935,575.5935281791652,West
80,2024-01-17T00:00:00.000,STOPE_01,12.055474046856148,2.892420694852654,519.905969557347,North
81,2024-01-17T00:00:00.000,STOPE_02,13.199349368523617,2.8688136262804043,592.6232542885034,West
82,2024-01-17T00:00:00.000,STOPE_03,9.307869052534027,3.0561081523354927,438.48663222286694,East
83,2024-01-17T00:00:00.000,STOPE_04,21.333952924848756,2.8892578696003834,613.6242317119263,North
84,2024-01-17T00:00:00.000,STOPE_05,15.842975603205097,2.675460096035881,479.1877749642725,South
85,2024-01-18T00:00:00.000,STOPE_01,13.520997196023501,2.5750096524334283,628.1920380314202,East
86,2024-01-18T00:00:00.000,STOPE_02,13.133288505281163,2.728902271816728,595.2011093846695,North
87,2024-01-18T00:00:00.000,STOPE_03,19.357650742387115,2.7819842733639586,449.4119946765706,North
88,2024-01-18T00:00:00.000,STOPE_04,12.513014967233783,2.687963791960606,574.7293605123261,North
89,2024-01-18T00:00:00.000,STOPE_05,16.831110796300393,2.6769509568461016,538.2799467150786,North
90,2024-01-19T00:00:00.000,STOPE_01,12.992391815456362,3.032387463549355,655.2859775839325,North
91,2024-01-19T00:00:00.000,STOPE_02,13.681446373577169,2.6746284260923687,365.79926959466434,North
92,2024-01-19T00:00:00.000,STOPE_03,18.916436421462986,2.8042007683265515,568.1952971294963,North
93,2024-01-19T00:00:00.000,STOPE_04,14.069199730219632,2.717741881868037,598.402354456309,West
94,2024-01-19T00:00:00.000,STOPE_05,20.73695291951991,3.0130454165093834,320.7954899864785,North
95,2024-01-20T00:00:00.000,STOPE_01,13.659679464630276,2.5118694522386367,526.9317654252538,North
96,2024-01-20T00:00:00.000,STOPE_02,16.872359451156466,2.925669101852856,498.77532271530856,East
97,2024-01-20T00:00:00.000,STOPE_03,12.308236885542506,2.864903663274911,667.5293249668221,East
98,2024-01-20T00:00:00.000,STOPE_04,16.841524024426274,3.0715761576199974,456.66965930974396,South
99,2024-01-20T00:00:00.000,STOPE_05,15.611468182582401,2.4836692148770907,507.9009014244056,West
100,2024-01-21T00:00:00.000,STOPE_01,10.655746975508027,2.5185072451246886,428.15557787475643,North
101,2024-01-21T00:00:00.000,STOPE_02,14.359658544864459,3.0956504229644923,412.0532159753243,South
102,2024-01-21T00:00:00.000,STOPE_03,14.093027273771076,2.7990874342019407,431.76573988798464,West
103,2024-01-21T00:00:00.000,STOPE_04,14.855413543392562,2.9295116218027424,553.6026534904859,East
104,2024-01-21T00:00:00.000,STOPE_05,16.558039542723517,3.1065477826005155,489.12398515431425,North
105,2024-01-22T00:00:00.000,STOPE_01,16.205135166296824,2.811482589551274,415.5892267591253,North
106,2024-01-22T00:00:00.000,STOPE_02,15.208957993556638,2.9967008612716928,547.3627387727564,South
107,2024-01-22T00:00:00.000,STOPE_03,15.163051733815713,2.705624495176426,444.38188541980116,East
108,2024-01-22T00:00:00.000,STOPE_04,21.45954737253467,2.64653048742239,587.2320636720679,North
109,2024-01-22T00:00:00.000,STOPE_05,15.550026017215055,2.771343348256584,439.9395318750415,West
110,2024-01-23T00:00:00.000,STOPE_01,10.641451622782917,2.9568012821828336,484.22760417458966,South
111,2024-01-23T00:00:00.000,STOPE_02,10.934826133446203,2.6486187818976807,412.49211771318824,North
112,2024-01-23T00:00:00.000,STOPE_03,16.025267927331477,3.1752341678431772,595.042383818605,West
113,2024-01-23T00:00:00.000,STOPE_04,13.269289033012791,2.67074010013985,459.6445043153089,East
114,2024-01-23T00:00:00.000,STOPE_05,17.225889049588396,3.095331725085926,570.024295336242,South
115,2024-01-24T00:00:00.000,STOPE_01,14.603101668172613,2.5536538464980345,518.9584920160589,West
116,2024-01-24T00:00:00.000,STOPE_02,18.538320362163862,2.7061648695790588,328.68654709091226,South
117,2024-01-24T00:00:00.000,STOPE_03,19.061617122496237,2.851733382402043,623.2514211736251,North
118,2024-01-24T00:00:00.000,STOPE_04,7.6432061960528,2.6197412362670662,489.13713359111443,South
119,2024-01-24T00:00:00.000,STOPE_05,14.833545125106978,2.8684913836015027,691.1529606509428,North
120,2024-01-25T00:00:00.000,STOPE_01,15.01573109915455,2.8093961187529484,454.9934528520756,South
121,2024-01-25T00:00:00.000,STOPE_02,16.868549797042498,2.6686942097062363,422.09197707521247,North
122,2024-01-25T00:00:00.000,STOPE_03,10.894229653374428,2.9070983619950406,606.0446814110468,West
123,2024-01-25T00:00:00.000,STOPE_04,19.624112990754547,2.1043661572726884,473.17369380504874,East
124,2024-01-25T00:00:00.000,STOPE_05,18.53789155219148,2.8135036962820217,706.0747924881987,South
125,2024-01-26T00:00:00.000,STOPE_01,20.266022527329614,2.882742559990415,634.2088504305915,East
126,2024-01-26T00:00:00.000,STOPE_02,19.467135521653436,2.9755650336960224,456.63496732281527,West
127,2024-01-26T00:00:00.000,STOPE_03,13.973074084126802,2.810814174852097,524.0351156077478,South
128,2024-01-26T00:00:00.000,STOPE_04,11.450224462002675,2.3921535644479794,473.0593165555442,South
129,2024-01-26T00:00:00.000,STOPE_05,17.152626767387886,2.9732141032085595,489.64239000983764,South
130,2024-01-27T00:00:00.000,STOPE_01,17.944642130190243,2.8661401114127862,498.5281741365063,West
131,2024-01-27T00:00:00.000,STOPE_02,17.389216289088978,2.4953678259056478,620.5915207242585,South
132,2024-01-27T00:00:00.000,STOPE_03,11.08659149848544,2.9339345097660074,536.6598246096848,West
133,2024-01-27T00:00:00.000,STOPE_04,12.180360641017934,2.649510659934626,667.3748159391382,West
134,2024-01-27T00:00:00.000,STOPE_05,21.16527782586442,2.7361279984932683,455.3316529309333,East
135,2024-01-28T00:00:00.000,STOPE_01,13.572985956094193,2.69935250286685,604.5312793007611,South
136,2024-01-28T00:00:00.000,STOPE_02,14.678908920136326,2.592951535516125,444.6350694652818,South
137,2024-01-28T00:00:00.000,STOPE_03,11.406366322233454,2.5563020717426825,383.96749747306944,South
138,2024-01-28T00:00:00.000,STOPE_04,16.54376697207162,3.040927014515165,585.135426460051,North
139,2024-01-28T00:00:00.000,STOPE_05,13.138908832393344,2.8356256851522126,503.5635459850456,East
140,2024-01-29T00:00:00.000,STOPE_01,14.174844908545069,2.3396157670528828,348.4808937801448,West
141,2024-01-29T00:00:00.000,STOPE_02,19.100622802333575,2.7494161391786007,512.743440666809,East
142,2024-01-29T00:00:00.000,STOPE_03,17.554206277136487,2.6024128308406915,502.8620559567826,East
143,2024-01-29T00:00:00.000,STOPE_04,17.905869468913263,2.566046313234982,334.0908411612343,West
144,2024-01-29T00:00:00.000,STOPE_05,12.73094776414709,2.515549258080465,435.34271157574733,West
145,2024-01-30T00:00:00.000,STOPE_01,11.755355989156815,2.659489776575967,380.6739884361574,North
146,2024-01-30T00:00:00.000,STOPE_02,18.165992989639243,2.9307268522670644,412.60258805149033,East
147,2024-01-30T00:00:00.000,STOPE_03,14.990112239017938,2.8803121136251995,664.6949010387185,West
148,2024-01-30T00:00:00.000,STOPE_04,11.88826153702063,2.761932264383278,412.4381746615243,South
149,2024-01-30T00:00:00.000,STOPE_05,10.851600807106992,2.5169594960964967,559.5401135710423,East
150,2024-01-31T00:00:00.000,STOPE_01,15.083072794848638,2.825473095707431,463.85771605730224,South
151,2024-01-31T00:00:00.000,STOPE_02,14.284519897847826,2.7587522082088265,272.2049582189443,South
152,2024-01-31T00:00:00.000,STOPE_03,13.222818227283392,2.6272018460640365,504.8521627944827,West
153,2024-01-31T00:00:00.000,STOPE_04,12.507149650766888,2.834793265833914,590.7871947242428,East
154,2024-01-31T00:00:00.000,STOPE_05,15.71197315427923,2.8547154806277253,427.5998203395701,East
155,2024-02-01T00:00:00.000,STOPE_01,13.402259093338786,2.9132680261038044,583.1818176105263,East
156,2024-02-01T00:00:00.000,STOPE_02,9.991784156635884,2.908672038475987,433.7376241054153,South
157,2024-02-01T00:00:00.000,STOPE_03,16.711796005779476,2.6180614099703092,563.8623649837645,West
158,2024-02-01T00:00:00.000,STOPE_04,13.624142169171003,2.738656720135636,347.5709466830008,North
159,2024-02-01T00:00:00.000,STOPE_05,17.393208943735903,2.9528504397218045,501.07981648097,North
160,2024-02-02T00:00:00.000,STOPE_01,13.044491676593523,2.8094797342632827,413.9586634716048,East
161,2024-02-02T00:00:00.000,STOPE_02,13.846333367310525,2.519956889797293,522.966246423314,West
162,2024-02-02T00:00:00.000,STOPE_03,13.194093963310847,2.952050218927072,610.6329104828443,East
163,2024-02-02T00:00:00.000,STOPE_04,17.31491444790401,3.2779756544436647,439.5585521868288,East
164,2024-02-02T00:00:00.000,STOPE_05,16.73121638154162,2.7593909227914013,537.1145873371308,North
165,2024-02-03T00:00:00.000,STOPE_01,13.188044439852538,2.698318809021249,375.81594832944666,North
166,2024-02-03T00:00:00.000,STOPE_02,16.464132238136248,3.1160268190150404,488.0149080634401,North
167,2024-02-03T00:00:00.000,STOPE_03,15.341188380638942,2.952569458159624,563.7966699020965,East
168,2024-02-03T00:00:00.000,STOPE_04,16.18335642713489,2.715803103835947,528.9774856896413,West
169,2024-02-03T00:00:00.000,STOPE_05,21.226202395936316,2.964049147897251,329.27228443724016,South
170,2024-02-04T00:00:00.000,STOPE_01,14.249632196776465,3.0602104866324598,432.3586979515961,South
171,2024-02-04T00:00:00.000,STOPE_02,8.309010277122333,2.3347296573000444,651.0803218114527,North
172,2024-02-04T00:00:00.000,STOPE_03,15.980782121292489,2.756179894238227,582.9405581183489,West
173,2024-02-04T00:00:00.000,STOPE_04,8.366594072976344,2.8484030288135593,346.95212568127477,South
174,2024-02-04T00:00:00.000,STOPE_05,15.495583140361731,2.9137873348939283,412.51932862552985,East
175,2024-02-05T00:00:00.000,STOPE_01,13.798881380497342,2.797451169902326,605.4395215849114,South
176,2024-02-05T00:00:00.000,STOPE_02,15.545598765175486,2.849644117260067,454.0639100459756,North
177,2024-02-05T00:00:00.000,STOPE_03,12.450466891605625,2.7006281934654757,538.7844881530466,West
178,2024-02-05T00:00:00.000,STOPE_04,19.52931393737887,2.8804068960093843,465.2473266227045,South
179,2024-02-05T00:00:00.000,STOPE_05,17.487416053755805,2.351039418458538,567.5808730044081,North
180,2024-02-06T00:00:00.000,STOPE_01,14.190375194119886,2.6042472568435384,455.57067399238883,East
181,2024-02-06T00:00:00.000,STOPE_02,16.131901479134555,3.0828502525224826,452.6411219022891,East
182,2024-02-06T00:00:00.000,STOPE_03,19.157709963873295,3.001720589969767,336.7781920571481,North
183,2024-02-06T00:00:00.000,STOPE_04,15.842892962754597,2.564442891701529,431.9738412806092,East
184,2024-02-06T00:00:00.000,STOPE_05,16.963096969062175,2.7888830658179087,527.996862631982,South
185,2024-02-07T00:00:00.000,STOPE_01,11.62353285810487,2.7462331646409646,456.0135712384582,West
186,2024-02-07T00:00:00.000,STOPE_02,20.346490855608238,2.9180549238123574,521.6861036982938,South
187,2024-02-07T00:00:00.000,STOPE_03,16.32634999594042,2.6794704389389365,630.1849168160095,North
188,2024-02-07T00:00:00.000,STOPE_04,19.77955987991819,2.697756864713763,401.0395179741419,North
189,2024-02-07T00:00:00.000,STOPE_05,14.622639239701055,2.7195097782746323,457.08619649324095,East
190,2024-02-08T00:00:00.000,STOPE_01,22.61607330521246,2.9047905334215587,441.19131736854473,North
191,2024-02-08T00:00:00.000,STOPE_02,14.599797426325368,2.923243163393612,436.9587375970366,South
192,2024-02-08T00:00:00.000,STOPE_03,11.963686874219498,2.469028665626846,582.3170583961914,South
193,2024-02-08T00:00:00.000,STOPE_04,15.219953901565212,2.4888500048256743,221.53643552178994,East
194,2024-02-08T00:00:00.000,STOPE_05,10.49170494710819,2.747852967021636,387.4580992253111,West
195,2024-02-09T00:00:00.000,STOPE_01,14.552889999811411,2.561145914630849,527.7181579358746,North
196,2024-02-09T00:00:00.000,STOPE_02,14.307196409373965,2.9392412729626836,684.8956094945345,West
197,2024-02-09T00:00:00.000,STOPE_03,18.379695088643274,2.815681784501215,351.5298428482928,North
198,2024-02-09T00:00:00.000,STOPE_04,12.602668287524205,2.7670928683900606,500.0699117557175,North
199,2024-02-09T00:00:00.000,STOPE_05,15.474767942860103,2.6258270704707343,338.80388203499155,East
200,2024-02-10T00:00:00.000,STOPE_01,15.594254282303565,2.7711279176152113,442.63379931197636,North
201,2024-02-10T00:00:00.000,STOPE_02,13.359423176278824,3.017221105353931,460.5417681763405,East
202,2024-02-10T00:00:00.000,STOPE_03,19.165746807120865,2.268129728590125,292.1623345081057,South
203,2024-02-10T00:00:00.000,STOPE_04,11.278079766937289,2.7286935820111844,523.8296262121448,West
204,2024-02-10T00:00:00.000,STOPE_05,10.777464915846537,2.6444366624818247,388.94241545341714,East
205,2024-02-11T00:00:00.000,STOPE_01,20.256811330270867,2.748636594414853,602.428658177939,North
206,2024-02-11T00:00:00.000,STOPE_02,12.88658968962141,2.6543369700104225,509.87457776373344,East
207,2024-02-11T00:00:00.000,STOPE_03,14.608964562038375,2.828643090499504,597.8292982116258,West
208,2024-02-11T00:00:00.000,STOPE_04,14.279023805525595,2.72503583849008,571.0959968203491,East
209,2024-02-11T00:00:00.000,STOPE_05,16.33278993445812,2.7448380868796014,394.2468748566658,East
210,2024-02-12T00:00:00.000,STOPE_01,9.9906624837948,3.1529373868525434,375.84987690508774,South
211,2024-02-12T00:00:00.000,STOPE_02,12.551083772835463,2.7341338003360396,490.31739626065894,West
212,2024-02-12T00:00:00.000,STOPE_03,11.15871194251115,3.150958836396873,291.8070592116278,West
213,2024-02-12T00:00:00.000,STOPE_04,20.089369104870116,2.728993534470655,525.7473234582658,South
214,2024-02-12T00:00:00.000,STOPE_05,17.915468070518205,2.7938083498726853,466.4284927113429,East
215,2024-02-13T00:00:00.000,STOPE_01,19.03813262239415,3.140285848705234,508.76994828617364,South
216,2024-02-13T00:00:00.000,STOPE_02,10.955443733682861,2.948652818804543,517.0865438127942,West
217,2024-02-13T00:00:00.000,STOPE_03,14.448049990941962,3.020605053355556,615.1425374464732,South
218,2024-02-13T00:00:00.000,STOPE_04,10.11122104207102,2.9103727310619,700.5574045639953,South
219,2024-02-13T00:00:00.000,STOPE_05,17.15277473937915,2.6877266281808683,531.4203732950451,South
220,2024-02-14T00:00:00.000,STOPE_01,15.768089202941628,2.9965381967891025,666.5474444462577,East
221,2024-02-14T00:00:00.000,STOPE_02,18.043110195054393,3.037235636464824,525.7138130093971,North
222,2024-02-14T00:00:00.000,STOPE_03,16.150841861450314,2.3260557181031105,465.1986913703161,West
223,2024-02-14T00:00:00.000,STOPE_04,15.595675088688875,2.754998819325925,620.7592170430262,West
224,2024-02-14T00:00:00.000,STOPE_05,12.072380241068002,3.010728359321568,405.06011111680573,East
225,2024-02-15T00:00:00.000,STOPE_01,22.897146194512175,2.4490426318849527,487.61060212594407,East
226,2024-02-15T00:00:00.000,STOPE_02,16.822700592994074,2.4961640034027646,499.4663529163337,North
227,2024-02-15T00:00:00.000,STOPE_03,13.02369352265593,2.8749170218901954,395.1171665918324,South
228,2024-02-15T00:00:00.000,STOPE_04,14.895034528509115,3.154160127127102,437.30329422122327,East
229,2024-02-15T00:00:00.000,STOPE_05,20.437345673990787,2.997144543364713,440.5535451861778,North
230,2024-02-16T00:00:00.000,STOPE_01,11.041956332587784,2.7547509561982646,606.45686780267,West
231,2024-02-16T00:00:00.000,STOPE_02,15.358817006661209,3.0569066067867787,568.9036203214972,North
232,2024-02-16T00:00:00.000,STOPE_03,17.50176646364671,2.891836015845687,492.9834288541353,East
233,2024-02-16T00:00:00.000,STOPE_04,10.017117199452025,2.7433369368334772,512.2053934503004,South
234,2024-02-16T00:00:00.000,STOPE_05,17.455454203915618,2.8267695308492,544.6639731517085,South
235,2024-02-17T00:00:00.000,STOPE_01,14.360182872102627,3.0713713548437775,464.0562725975098,East
236,2024-02-17T00:00:00.000,STOPE_02,15.084955128391384,2.8059512278991487,593.8283805975998,North
237,2024-02-17T00:00:00.000,STOPE_03,13.451865815347878,2.545186203009335,641.4040461002768,West
238,2024-02-17T00:00:00.000,STOPE_04,11.872545377318584,3.055585365847633,473.89727467532043,East
239,2024-02-17T00:00:00.000,STOPE_05,15.404954162459065,2.8350842150600224,638.8591121444183,South
240,2024-02-18T00:00:00.000,STOPE_01,18.095533618405906,2.5028879253926055,526.7050265869259,South
241,2024-02-18T00:00:00.000,STOPE_02,17.66889238687031,2.5811791799003103,262.8384335234506,South
242,2024-02-18T00:00:00.000,STOPE_03,17.140198770616337,2.809403442624749,622.3170950591457,North
243,2024-02-18T00:00:00.000,STOPE_04,12.94970462960963,2.7951445440216114,444.47760008712385,West
244,2024-02-18T00:00:00.000,STOPE_05,13.663492435797684,3.09067689542354,657.9572145730713,South
245,2024-02-19T00:00:00.000,STOPE_01,13.431419918540195,2.798227195468724,486.5327245917402,West
246,2024-02-19T00:00:00.000,STOPE_02,11.981652320749513,2.5898176084343625,306.632169889244,West
247,2024-02-19T00:00:00.000,STOPE_03,11.377812505060877,2.6702896287881255,580.1857332040166,West
248,2024-02-19T00:00:00.000,STOPE_04,17.95296719542975,2.757202231154898,495.0536290347567,North
249,2024-02-19T00:00:00.000,STOPE_05,17.02445847649981,2.770162168048256,434.05865885489976,North
250,2024-02-20T00:00:00.000,STOPE_01,18.501308743150908,3.124221711557543,343.0039662342657,South
251,2024-02-20T00:00:00.000,STOPE_02,15.221888892220704,2.716826531717643,489.5950243200363,South
252,2024-02-20T00:00:00.000,STOPE_03,13.087838618080447,3.03780330622151,642.0504247989854,South
253,2024-02-20T00:00:00.000,STOPE_04,13.287761118751572,3.2471349373968947,433.40615172046034,North
254,2024-02-20T00:00:00.000,STOPE_05,22.072129095098127,2.9875676603133288,415.9889921416662,North
255,2024-02-21T00:00:00.000,STOPE_01,15.494093482311422,2.5012340717571515,428.39438792660053,North
256,2024-02-21T00:00:00.000,STOPE_02,15.857596172174715,2.866891357997405,565.8544272672831,East
257,2024-02-21T00:00:00.000,STOPE_03,21.03061361629905,2.6068764800245696,414.65859602503457,South
258,2024-02-21T00:00:00.000,STOPE_04,17.65230250967754,2.6098632417189345,415.9091201952145,West
259,2024-02-21T00:00:00.000,STOPE_05,14.975165776349852,2.808654338948858,603.047342043583,East
260,2024-02-22T00:00:00.000,STOPE_01,13.531681672445334,3.008832175413814,568.1891489626312,North
261,2024-02-22T00:00:00.000,STOPE_02,20.540121977208102,2.831472300258059,673.1320579909177,West
262,2024-02-22T00:00:00.000,STOPE_03,17.798989927951705,2.884336984782452,540.5617593140379,East
263,2024-02-22T00:00:00.000,STOPE_04,17.14502104140342,2.8635610338403765,437.0483451950916,West
264,2024-02-22T00:00:00.000,STOPE_05,14.498645759049436,2.829342737286664,620.6508966508356,East
265,2024-02-23T00:00:00.000,STOPE_01,12.549192987038293,2.6378448160214027,586.2263024796879,South
266,2024-02-23T00:00:00.000,STOPE_02,17.45325808762815,2.5021213880701385,502.4642098428584,East
267,2024-02-23T00:00:00.000,STOPE_03,15.26986844438037,2.75576053365484,518.9720883558058,East
268,2024-02-23T00:00:00.000,STOPE_04,15.748151051132266,3.1154906559526947,490.4704467613048,West
269,2024-02-23T00:00:00.000,STOPE_05,15.837064577311018,2.9114357321338495,429.61053496995663,South
270,2024-02-24T00:00:00.000,STOPE_01,15.526637489671524,2.881702469675485,481.3627605636908,North
271,2024-02-24T00:00:00.000,STOPE_02,13.78600253007886,2.9503805236065395,597.6899078037065,South
272,2024-02-24T00:00:00.000,STOPE_03,18.585139886774527,2.4953626190432447,444.10781527284115,North
273,2024-02-24T00:00:00.000,STOPE_04,16.131635625193564,2.674185605586114,483.14441259372387,North
274,2024-02-24T00:00:00.000,STOPE_05,14.606884779003012,2.392951951874899,573.2123607333072,South
275,2024-02-25T00:00:00.000,STOPE_01,18.240207000966493,2.7774016436263826,377.50649498110477,West
276,2024-02-25T00:00:00.000,STOPE_02,10.655958298751269,2.3602388086759833,544.0014450053333,North
277,2024-02-25T00:00:00.000,STOPE_03,13.493837326942167,2.9668171437216606,450.52966310822177,East
278,2024-02-25T00:00:00.000,STOPE_04,18.365559568280545,3.0621087649384426,477.75872215444343,North
279,2024-02-25T00:00:00.000,STOPE_05,11.559124113799683,2.4306455131057194,443.33305874898946,South
280,2024-02-26T00:00:00.000,STOPE_01,14.27629182643101,2.870411079302859,374.8460575809556,East
281,2024-02-26T00:00:00.000,STOPE_02,19.331293812219776,3.3031092415748446,334.35862945248437,West
282,2024-02-26T00:00:00.000,STOPE_03,15.809008072191212,2.7539887128807234,570.771554124962,South
283,2024-02-26T00:00:00.000,STOPE_04,17.16762024087023,2.72595811543735,502.33076008858694,North
284,2024-02-26T00:00:00.000,STOPE_05,15.58956350910441,2.9418007515177025,491.02643057127733,South
285,2024-02-27T00:00:00.000,STOPE_01,19.32035164634842,3.127622549909528,650.103884000446,West
286,2024-02-27T00:00:00.000,STOPE_02,10.92518640982994,2.7367804263126945,425.91675920322973,South
287,2024-02-27T00:00:00.000,STOPE_03,14.957132905830093,2.978147616754978,328.22063762383675,West
288,2024-02-27T00:00:00.000,STOPE_04,13.66144970035566,2.4220918538108935,454.7693680750923,East
289,2024-02-27T00:00:00.000,STOPE_05,7.72836202011313,2.980364960072338,627.4677338564759,North
290,2024-02-28T00:00:00.000,STOPE_01,16.11639417327948,2.895774432786367,497.58230229018704,West
291,2024-02-28T00:00:00.000,STOPE_02,13.28698584108128,2.7353287575427583,504.76035518143516,South
292,2024-02-28T00:00:00.000,STOPE_03,19.510194905301454,2.975472458115134,477.90358261703363,West
293,2024-02-28T00:00:00.000,STOPE_04,15.080657516983592,2.812500546649895,421.9525993674656,North
294,2024-02-28T00:00:00.000,STOPE_05,14.192441604955834,2.782772310903327,482.0988032882515,South
295,2024-02-29T00:00:00.000,STOPE_01,12.804368743109348,2.9838605739415507,555.2524085258385,South
296,2024-02-29T00:00:00.000,STOPE_02,19.198066309758005,2.984926736582554,505.9630369920174,South
297,2024-02-29T00:00:00.000,STOPE_03,13.059189666883277,3.05303945032474,555.9359208728331,East
298,2024-02-29T00:00:00.000,STOPE_04,15.343600098646393,2.990029094199766,480.20468734316694,East
299,2024-02-29T00:00:00.000,STOPE_05,18.951834680193556,3.1371296602838328,453.9704555806153,West
300,2024-03-01T00:00:00.000,STOPE_01,13.045745989156655,2.7032228331891357,467.965269180568,East
301,2024-03-01T00:00:00.000,STOPE_02,16.272497839205748,3.134304047081082,479.59694190189396,North
302,2024-03-01T00:00:00.000,STOPE_03,16.856059643543716,3.0258648875079,796.5010351720723,South
303,2024-03-01T00:00:00.000,STOPE_04,14.710113280130336,2.537755797964977,619.8444952831686,West
304,2024-03-01T00:00:00.000,STOPE_05,15.114010434504602,2.824006265343652,561.3517972730417,North
305,2024-03-02T00:00:00.000,STOPE_01,11.931622304404783,2.531062914951213,462.982936944661,East
306,2024-03-02T00:00:00.000,STOPE_02,18.273138306494,2.7778533141838606,593.2879084328622,West
307,2024-03-02T00:00:00.000,STOPE_03,17.619475645857445,3.076888422337129,575.7455749317041,South
308,2024-03-02T00:00:00.000,STOPE_04,15.673355455679916,3.009419660522431,668.3927691457868,West
309,2024-03-02T00:00:00.000,STOPE_05,13.62334721139318,3.1019451596896856,664.0503392887938,West
310,2024-03-03T00:00:00.000,STOPE_01,10.10114315837405,2.6854463150902945,580.0498241765972,West
311,2024-03-03T00:00:00.000,STOPE_02,15.537823813280053,2.665502105373943,271.5180427674428,North
312,2024-03-03T00:00:00.000,STOPE_03,13.123311895471412,2.8791607066874816,549.4030186282739,East
313,2024-03-03T00:00:00.000,STOPE_04,15.782021297471722,2.5228829827034622,644.4311583712345,South
314,2024-03-03T00:00:00.000,STOPE_05,15.971400382817835,2.7417020042013016,334.9508789962238,West
315,2024-03-04T00:00:00.000,STOPE_01,14.848731444835536,3.1220134937386756,335.42234704846817,East
316,2024-03-04T00:00:00.000,STOPE_02,18.44629710111631,2.4520572442443798,463.7559058596868,North
317,2024-03-04T00:00:00.000,STOPE_03,11.640990316121568,3.0094018349286626,470.473776729231,North
318,2024-03-04T00:00:00.000,STOPE_04,18.3231613508451,2.6583842267611715,344.4101349510105,East
319,2024-03-04T00:00:00.000,STOPE_05,14.182812088500572,2.4162650485936363,434.2227239444312,North
320,2024-03-05T00:00:00.000,STOPE_01,17.98880045834142,2.701248683367737,344.34181013402485,East
321,2024-03-05T00:00:00.000,STOPE_02,13.715654517102262,2.540699646503834,348.74044991611845,East
322,2024-03-05T00:00:00.000,STOPE_03,17.541237029955102,3.0445001829773757,621.4509285305348,West
323,2024-03-05T00:00:00.000,STOPE_04,14.731432169256284,3.0189567423279824,483.8791531430132,South
324,2024-03-05T00:00:00.000,STOPE_05,14.22287356253789,2.7607300301830042,492.8398740585936,East
325,2024-03-06T00:00:00.000,STOPE_01,14.888333290470475,2.5525316709105907,562.9248971893585,North
326,2024-03-06T00:00:00.000,STOPE_02,14.430016838452861,2.889678058723172,441.1236463793204,South
327,2024-03-06T00:00:00.000,STOPE_03,15.027875257592738,2.7038107745483817,254.48749742777142,East
328,2024-03-06T00:00:00.000,STOPE_04,17.748983024107446,2.8692976951795983,599.8010109859653,South
329,2024-03-06T00:00:00.000,STOPE_05,6.311233865418933,2.885574135438077,291.21109653993915,East
330,2024-03-07T00:00:00.000,STOPE_01,12.184596269382453,2.9288536319018603,527.6569152594927,West
331,2024-03-07T00:00:00.000,STOPE_02,13.047859387964731,2.9610385349561894,378.10274774638737,East
332,2024-03-07T00:00:00.000,STOPE_03,15.451256715430729,2.872992200493245,740.3415585238275,West
333,2024-03-07T00:00:00.000,STOPE_04,14.827143608899243,2.874679238382711,550.7015764487192,East
334,2024-03-07T00:00:00.000,STOPE_05,15.592697970517147,2.889845686983949,392.3339491822334,West
335,2024-03-08T00:00:00.000,STOPE_01,17.005223882827096,2.9011879673067447,599.0353411037507,North
336,2024-03-08T00:00:00.000,STOPE_02,15.907906395717099,2.6491448299961284,493.58616534070075,West
337,2024-03-08T00:00:00.000,STOPE_03,15.986287230910442,2.7330984987286504,520.6190982029326,East
338,2024-03-08T00:00:00.000,STOPE_04,16.693208963679798,2.8711101259348704,331.52146051795376,South
339,2024-03-08T00:00:00.000,STOPE_05,12.198833241779333,2.980294925989557,486.11374128053285,North
340,2024-03-09T00:00:00.000,STOPE_01,14.107309489920024,3.0751413626623236,484.9944412967473,South
341,2024-03-09T00:00:00.000,STOPE_02,15.376729360414627,2.531894279323496,616.4434645992907,North
342,2024-03-09T00:00:00.000,STOPE_03,11.165932249690872,2.4712518568823882,411.4836501000152,North
343,2024-03-09T00:00:00.000,STOPE_04,19.657685446468925,3.0127131438772037,724.6128965936011,East
344,2024-03-09T00:00:00.000,STOPE_05,19.92604548040911,3.001963417868527,431.18496548222765,East
345,2024-03-10T00:00:00.000,STOPE_01,21.757307416032926,2.9244793741046573,505.8401472102668,South
346,2024-03-10T00:00:00.000,STOPE_02,13.637267174540213,2.796012920950838,384.32557749480515,South
347,2024-03-10T00:00:00.000,STOPE_03,10.401612443212963,2.473865326516947,517.097097156822,West
348,2024-03-10T00:00:00.000,STOPE_04,19.152818455531555,2.9127818240104717,559.4754341665285,East
349,2024-03-10T00:00:00.000,STOPE_05,17.560246676340924,3.063752923145439,508.6859163161803,East
350,2024-03-11T00:00:00.000,STOPE_01,14.241942935997109,2.8784169059401736,481.1103312215525,South
351,2024-03-11T00:00:00.000,STOPE_02,16.65921982932144,2.8780804687832533,388.9961894908548,North
352,2024-03-11T00:00:00.000,STOPE_03,12.034226678547247,2.5792821365568455,517.9894151153478,West
353,2024-03-11T00:00:00.000,STOPE_04,19.176006859033798,2.8508498408269856,452.0588141181905,South
354,2024-03-11T00:00:00.000,STOPE_05,13.190029304334864,2.482637656880982,486.57318966424896,East
355,2024-03-12T00:00:00.000,STOPE_01,14.52232836570987,2.865863157030355,539.4825744407701,East
356,2024-03-12T00:00:00.000,STOPE_02,13.195897068146358,2.8639563868285074,340.70062664683303,West
357,2024-03-12T00:00:00.000,STOPE_03,16.321424213881198,2.63547571690218,484.96580774190966,South
358,2024-03-12T00:00:00.000,STOPE_04,13.263110234417487,2.812737678730323,547.1961333246609,East
359,2024-03-12T00:00:00.000,STOPE_05,15.417646225934709,2.849499559367442,725.045476781627,West
360,2024-03-13T00:00:00.000,STOPE_01,12.894024936579733,2.66741981648981,359.73947282003064,North
361,2024-03-13T00:00:00.000,STOPE_02,20.24873022956082,2.835302255232549,526.5403828348537,North
362,2024-03-13T00:00:00.000,STOPE_03,17.241495672778743,2.659833664226783,580.2901618145686,West
363,2024-03-13T00:00:00.000,STOPE_04,13.318655545531428,3.0057676590825624,556.979381190377,East
364,2024-03-13T00:00:00.000,STOPE_05,12.493958840220728,3.2290298255546777,381.2401580970487,East
365,2024-03-14T00:00:00.000,STOPE_01,15.929462130681083,2.783948190758491,609.327090545993,North
366,2024-03-14T00:00:00.000,STOPE_02,18.67375331287843,3.124679312459809,346.3052039973679,South
367,2024-03-14T00:00:00.000,STOPE_03,15.803253673093387,2.6905809405225796,516.3573335588654,North
368,2024-03-14T00:00:00.000,STOPE_04,12.588976296090808,3.1278233610888133,667.770081407644,North
369,2024-03-14T00:00:00.000,STOPE_05,13.339235274876016,2.87799211720598,620.4068018884884,South
370,2024-03-15T00:00:00.000,STOPE_01,10.130862319602763,2.912669092501005,389.9220717163315,North
371,2024-03-15T00:00:00.000,STOPE_02,12.866104125718387,2.5955129240908468,707.9945923690523,West
372,2024-03-15T00:00:00.000,STOPE_03,15.701357735372243,2.4888208707592745,533.0880232214457,South
373,2024-03-15T00:00:00.000,STOPE_04,17.500586884826774,2.7506982614891715,346.1964292234559,South
374,2024-03-15T00:00:00.000,STOPE_05,17.084993702330625,3.189308567502953,473.95014380612776,West
375,2024-03-16T00:00:00.000,STOPE_01,20.180501526656283,2.635006324613503,516.1439863287699,North
376,2024-03-16T00:00:00.000,STOPE_02,16.616267977339106,2.6158652813841266,516.9360824036078,South
377,2024-03-16T00:00:00.000,STOPE_03,10.75885650928506,3.0498281283382234,469.9906038762616,West
378,2024-03-16T00:00:00.000,STOPE_04,18.9420284239317,2.5570913020547184,446.60908986832,West
379,2024-03-16T00:00:00.000,STOPE_05,10.77856792135525,2.6493403551322885,578.9315611854599,South
380,2024-03-17T00:00:00.000,STOPE_01,21.957988619945084,2.878663567878874,519.2049116490032,North
381,2024-03-17T00:00:00.000,STOPE_02,14.072650607392497,2.831085466148587,746.5733955419929,West
382,2024-03-17T00:00:00.000,STOPE_03,11.788216985293193,2.622050779642686,429.5712291808811,East
383,2024-03-17T00:00:00.000,STOPE_04,14.283357756400209,2.812005801150402,338.91555444382533,East
384,2024-03-17T00:00:00.000,STOPE_05,11.689900181478379,2.369421881409503,538.8578604530965,East
385,2024-03-18T00:00:00.000,STOPE_01,22.47899855229837,2.8730601986043576,640.2072147217843,West
386,2024-03-18T00:00:00.000,STOPE_02,13.845474354158624,2.8927944565846917,456.1412793742704,West
387,2024-03-18T00:00:00.000,STOPE_03,18.498908241710367,3.1548425008276038,526.0265558367727,East
388,2024-03-18T00:00:00.000,STOPE_04,12.995728639070855,2.9984084699073046,482.5040243304591,South
389,2024-03-18T00:00:00.000,STOPE_05,12.732764521521466,2.7131779641008036,445.622056677666,South
390,2024-03-19T00:00:00.000,STOPE_01,15.151607446782018,2.834099447008086,477.48534726499787,South
391,2024-03-19T00:00:00.000,STOPE_02,15.592736766154223,2.9824749227925738,340.2288080226591,North
392,2024-03-19T00:00:00.000,STOPE_03,19.17062264705194,2.9115620612703723,501.03526198433804,North
393,2024-03-19T00:00:00.000,STOPE_04,11.064491302949522,2.902055802106414,599.7812718264028,South
394,2024-03-19T00:00:00.000,STOPE_05,16.5232730109345,2.8107976836891586,319.75910925057826,South
395,2024-03-20T00:00:00.000,STOPE_01,13.060411436422687,2.7252345211901132,563.262129978427,East
396,2024-03-20T00:00:00.000,STOPE_02,11.370915771476678,2.9199857459992407,653.0750832343697,East
397,2024-03-20T00:00:00.000,STOPE_03,18.656285555091948,3.0287975838404324,298.4400563336902,South
398,2024-03-20T00:00:00.000,STOPE_04,12.93399973511117,2.787468608759511,443.6350972573657,North
399,2024-03-20T00:00:00.000,STOPE_05,13.767206531102447,2.6581747230196173,585.4460626794694,East
400,2024-03-21T00:00:00.000,STOPE_01,13.835469544376313,2.834083244475097,516.0573981049864,North
401,2024-03-21T00:00:00.000,STOPE_02,15.009138060460243,2.653449274062001,429.83280899759245,North
402,2024-03-21T00:00:00.000,STOPE_03,16.498580955286226,3.257736413759534,395.60271600017415,West
403,2024-03-21T00:00:00.000,STOPE_04,14.373118538003908,3.142905413638746,394.06144561908593,East
404,2024-03-21T00:00:00.000,STOPE_05,11.489660921821923,2.439603912483996,554.1462728204788,South
405,2024-03-22T00:00:00.000,STOPE_01,17.277465480907942,2.753465618296,395.35220573755714,South
406,2024-03-22T00:00:00.000,STOPE_02,17.589300678511893,2.640711963788084,510.884563020912,North
407,2024-03-22T00:00:00.000,STOPE_03,11.644105715403576,2.9870476322799253,450.6229422251501,North
408,2024-03-22T00:00:00.000,STOPE_04,14.954070452481014,2.9158582999202176,511.9580368414153,East
409,2024-03-22T00:00:00.000,STOPE_05,12.080793177355334,2.451435133653285,499.5038015959962,North
410,2024-03-23T00:00:00.000,STOPE_01,11.420820135269292,2.791982297468689,616.8217721816865,West
411,2024-03-23T00:00:00.000,STOPE_02,12.411283983748504,2.888561276204183,620.5926807616588,North
412,2024-03-23T00:00:00.000,STOPE_03,19.413510982480826,2.7581352645696264,433.09272613400833,North
413,2024-03-23T00:00:00.000,STOPE_04,18.11971406218823,2.8650353593058124,483.3275966913161,West
414,2024-03-23T00:00:00.000,STOPE_05,14.734972022972714,2.984269920597299,641.0568005005159,East
415,2024-03-24T00:00:00.000,STOPE_01,18.64343740172204,2.498115617318647,472.4272747532674,North
416,2024-03-24T00:00:00.000,STOPE_02,15.0960124471973,2.6493164259307633,545.9972142939116,North
417,2024-03-24T00:00:00.000,STOPE_03,12.966853890743682,2.6791321856873376,492.41826041817865,West
418,2024-03-24T00:00:00.000,STOPE_04,15.710884247136129,2.709035936822309,419.7507266788353,South
419,2024-03-24T00:00:00.000,STOPE_05,18.896433974541157,2.584667813095134,322.13691667901963,North
420,2024-03-25T00:00:00.000,STOPE_01,18.55711246398899,2.943790662133013,599.6047685805817,North
421,2024-03-25T00:00:00.000,STOPE_02,12.729614734291617,2.7577327828898013,488.25991408450403,North
422,2024-03-25T00:00:00.000,STOPE_03,13.249926083317956,2.8077183880454064,645.5618690081117,East
423,2024-03-25T00:00:00.000,STOPE_04,20.397814725056996,3.2727266887350766,542.1359568049002,South
424,2024-03-25T00:00:00.000,STOPE_05,13.905141811371344,2.6321580665321984,395.5190805978966,West
425,2024-03-26T00:00:00.000,STOPE_01,9.100930231871995,2.5771048346257306,463.1020554890078,West
426,2024-03-26T00:00:00.000,STOPE_02,13.54856660537671,2.733708740455072,521.0470541530484,West
427,2024-03-26T00:00:00.000,STOPE_03,14.506310786974218,2.9492374814628803,463.9806405390052,West
428,2024-03-26T00:00:00.000,STOPE_04,14.498634858640765,2.8565159900976598,475.13088738164527,West
429,2024-03-26T00:00:00.000,STOPE_05,19.822036728059977,2.8744991419579997,659.9122335149375,East
430,2024-03-27T00:00:00.000,STOPE_01,11.883594515992332,2.900580080982827,532.6274670846685,South
431,2024-03-27T00:00:00.000,STOPE_02,15.090934972483026,3.145978230903967,530.0192162600194,South
432,2024-03-27T00:00:00.000,STOPE_03,16.199063855257926,2.6697286212416342,447.1383318250243,East
433,2024-03-27T00:00:00.000,STOPE_04,16.75909205626528,2.7151601955943776,405.98510855632867,South
434,2024-03-27T00:00:00.000,STOPE_05,21.90123025634091,3.0150866126210074,310.0823612084532,East
435,2024-03-28T00:00:00.000,STOPE_01,15.235288197055928,3.000390453558353,520.5026687061879,North
436,2024-03-28T00:00:00.000,STOPE_02,14.584632048048679,2.555140352742127,479.09767427139747,South
437,2024-03-28T00:00:00.000,STOPE_03,12.4484386373721,2.541292851281267,607.7953895105758,North
438,2024-03-28T00:00:00.000,STOPE_04,17.15951187261417,3.0893007871893152,448.5358450781853,North
439,2024-03-28T00:00:00.000,STOPE_05,11.6693298404712,3.127788165468838,762.5086339621661,South
440,2024-03-29T00:00:00.000,STOPE_01,12.64530506075328,2.9296560867687718,487.9051851392218,East
441,2024-03-29T00:00:00.000,STOPE_02,16.258597331721084,2.9268482286118442,547.5285589319892,South
442,2024-03-29T00:00:00.000,STOPE_03,12.548443600173014,2.381175874467244,558.9056947405868,East
443,2024-03-29T00:00:00.000,STOPE_04,16.016161508608906,2.87878239464723,412.4974592343755,South
444,2024-03-29T00:00:00.000,STOPE_05,10.423031056289716,3.0525168206854363,444.81418541075533,South
445,2024-03-30T00:00:00.000,STOPE_01,22.674597857004755,2.692462060514427,530.3444750924045,South
446,2024-03-30T00:00:00.000,STOPE_02,20.583946791709185,3.177322929217882,663.0929181262941,South
447,2024-03-30T00:00:00.000,STOPE_03,17.869321045042867,2.738729307845738,506.55938456831785,East
448,2024-03-30T00:00:00.000,STOPE_04,12.545403349733078,2.7993251085178095,482.98153774750716,South
449,2024-03-30T00:00:00.000,STOPE_05,13.640315852018174,2.816312606996873,630.6557461764348,North
450,2024-03-31T00:00:00.000,STOPE_01,13.704612634079382,2.6227915091336653,415.67393957062575,West
451,2024-03-31T00:00:00.000,STOPE_02,14.594271313103906,2.954619988307774,588.2215782466808,South
452,2024-03-31T00:00:00.000,STOPE_03,11.927439527012385,3.1708185132668376,622.1033695525352,East
453,2024-03-31T00:00:00.000,STOPE_04,16.746293110405848,2.9700187978633616,587.571586240098,South
454,2024-03-31T00:00:00.000,STOPE_05,11.239955420634342,2.869728868866844,358.9175501912125,North
455,2024-04-01T00:00:00.000,STOPE_01,11.47658841969985,2.943598061983234,667.5547393544485,South
456,2024-04-01T00:00:00.000,STOPE_02,15.422658740733612,2.4463121268874293,532.3167714184782,South
457,2024-04-01T00:00:00.000,STOPE_03,14.557192241103994,2.7177158054681256,552.8748845799661,North
458,2024-04-01T00:00:00.000,STOPE_04,13.89350931122238,2.8803542565117146,480.788894727856,North
459,2024-04-01T00:00:00.000,STOPE_05,19.17149934372224,2.9818432332906255,642.8031485234787,South
460,2024-04-02T00:00:00.000,STOPE_01,14.91745528484809,3.154450319333949,666.125921454787,South
461,2024-04-02T00:00:00.000,STOPE_02,13.628711230241183,2.7451543285890936,400.06872423498623,West
462,2024-04-02T00:00:00.000,STOPE_03,16.060448717846,2.8243010022803428,402.3624728716628,East
463,2024-04-02T00:00:00.000,STOPE_04,12.32263248192929,2.9772660392123176,430.7338442169897,South
464,2024-04-02T00:00:00.000,STOPE_05,17.74075387869975,2.6393642098639307,649.2688568959522,West
465,2024-04-03T00:00:00.000,STOPE_01,14.186629196872294,2.8347832167667524,483.0749115943693,East
466,2024-04-03T00:00:00.000,STOPE_02,15.30493286306853,2.5737947217016113,323.71675161573046,East
467,2024-04-03T00:00:00.000,STOPE_03,11.920077795792807,2.957393913110999,410.8866991398514,East
468,2024-04-03T00:00:00.000,STOPE_04,15.200972151674616,2.90318784354082,343.7454143113457,North
469,2024-04-03T00:00:00.000,STOPE_05,13.412841967961116,2.8816690328789556,499.53005955598275,North
470,2024-04-04T00:00:00.000,STOPE_01,11.668801448111937,2.9134111034776202,366.6842689346345,North
471,2024-04-04T00:00:00.000,STOPE_02,22.244372995975894,2.678530880246909,662.9323336618027,North
472,2024-04-04T00:00:00.000,STOPE_03,15.60170759169283,3.029727469885743,398.4178181021603,South
473,2024-04-04T00:00:00.000,STOPE_04,15.185039549543914,3.0024135729407715,271.585214251766,East
474,2024-04-04T00:00:00.000,STOPE_05,16.138446171496522,3.162300962518703,491.7352214961811,North
475,2024-04-05T00:00:00.000,STOPE_01,12.512949241024913,2.5809308872286163,478.22690155115527,South
476,2024-04-05T00:00:00.000,STOPE_02,16.309679412473002,2.980786968217239,263.70675644581615,North
477,2024-04-05T00:00:00.000,STOPE_03,11.970807885870187,2.6314760157219537,600.3051309661183,East
478,2024-04-05T00:00:00.000,STOPE_04,19.19167926767629,2.81140262727421,435.27593620119535,East
479,2024-04-05T00:00:00.000,STOPE_05,14.823354570291826,2.3733733929858976,496.3466650081389,North
480,2024-04-06T00:00:00.000,STOPE_01,13.551769433453902,2.6093342783482574,512.2670315994795,West
481,2024-04-06T00:00:00.000,STOPE_02,19.87403537540868,2.8715248518647787,416.26809206686085,West
482,2024-04-06T00:00:00.000,STOPE_03,13.918579787386212,2.902283100185991,531.7471934731091,South
483,2024-04-06T00:00:00.000,STOPE_04,14.904244516069914,3.1657187226129992,701.8966111119863,West
484,2024-04-06T00:00:00.000,STOPE_05,17.64932933144148,2.7844325605974394,481.95200864093744,South
485,2024-04-07T00:00:00.000,STOPE_01,24.579322703534583,2.639327240787946,287.00231244170527,East
486,2024-04-07T00:00:00.000,STOPE_02,18.928418689052137,2.686371534033133,316.9231551605134,West
487,2024-04-07T00:00:00.000,STOPE_03,15.601955411867062,2.63775735722889,593.4309745921231,West
488,2024-04-07T00:00:00.000,STOPE_04,13.658034313023746,3.0562032723470223,506.78555105274035,South
489,2024-04-07T00:00:00.000,STOPE_05,17.55832102536666,3.2039675783308508,316.9608868090852,South
490,2024-04-08T00:00:00.000,STOPE_01,17.501422017478095,2.7144488625906495,473.4453161981576,West
491,2024-04-08T00:00:00.000,STOPE_02,16.45027646434381,3.3087335790603056,518.2806909205336,East
492,2024-04-08T00:00:00.000,STOPE_03,12.134632261951941,2.884719813118692,706.2524919243144,South
493,2024-04-08T00:00:00.000,STOPE_04,11.797401257237182,2.6281319432601378,614.2385143974126,North
494,2024-04-08T00:00:00.000,STOPE_05,15.795168134520935,2.7909946354342265,614.8733482929439,West
495,2024-04-09T00:00:00.000,STOPE_01,19.297026093652505,2.627615924396835,536.354594068736,North
496,2024-04-09T00:00:00.000,STOPE_02,18.562158154694252,3.317912728403723,557.9633173213575,South
497,2024-04-09T00:00:00.000,STOPE_03,15.9773889497465,2.8586787911283804,492.5035049160952,West
498,2024-04-09T00:00:00.000,STOPE_04,15.812923616538578,2.860838583910684,680.787615879919,West
499,2024-04-09T00:00:00.000,STOPE_05,16.052355527264428,2.5344126972463092,608.3178597056257,West
500,2024-04-10T00:00:00.000,STOPE_01,18.890983639683327,2.7954263875402234,400.06977677050895,North
501,2024-04-10T00:00:00.000,STOPE_02,13.485675236315348,2.680326437953956,664.1046629728958,South
502,2024-04-10T00:00:00.000,STOPE_03,13.011858684411209,2.394065226452083,576.3591100619856,West
503,2024-04-10T00:00:00.000,STOPE_04,18.77117987006728,3.11649927271604,551.3495476921015,West
504,2024-04-10T00:00:00.000,STOPE_05,16.21119027100983,2.7951608787218167,409.6298139269872,West
505,2024-04-11T00:00:00.000,STOPE_01,15.97307784516481,2.7364853602352524,432.4538555144222,West
506,2024-04-11T00:00:00.000,STOPE_02,13.793799766449988,2.9048529355286337,449.0804759514536,East
507,2024-04-11T00:00:00.000,STOPE_03,17.332593722444834,2.973569388606259,462.1913899016665,East
508,2024-04-11T00:00:00.000,STOPE_04,11.999006026183276,2.6644510058950295,551.3907849658915,West
509,2024-04-11T00:00:00.000,STOPE_05,15.538745345818795,2.9366837009246844,440.5865423225113,West
510,2024-04-12T00:00:00.000,STOPE_01,11.363730324185205,2.966846533148032,527.2697793529935,East
511,2024-04-12T00:00:00.000,STOPE_02,16.951145366163807,2.724134016032334,386.1332061529087,South
512,2024-04-12T00:00:00.000,STOPE_03,18.321242007860917,2.7759237672092802,282.73304539859635,South
513,2024-04-12T00:00:00.000,STOPE_04,17.542265031451265,2.780455389385816,641.1709375931456,North
514,2024-04-12T00:00:00.000,STOPE_05,14.33441728861408,2.884336893652889,456.47777671993714,East
515,2024-04-13T00:00:00.000,STOPE_01,17.25176056150733,2.908173844496269,588.4751054763314,West
516,2024-04-13T00:00:00.000,STOPE_02,12.193683893866215,3.0171964232350064,446.4036554885952,East
517,2024-04-13T00:00:00.000,STOPE_03,17.424173394843436,2.505661711465862,473.7826297136159,North
518,2024-04-13T00:00:00.000,STOPE_04,12.267888530805804,2.8183729491296985,311.47999479788825,East
519,2024-04-13T00:00:00.000,STOPE_05,14.111197669473356,2.931122079650578,652.7723619523765,East
520,2024-04-14T00:00:00.000,STOPE_01,17.85092277592073,3.142122674516385,489.55507814625287,North
521,2024-04-14T00:00:00.000,STOPE_02,14.493534830429969,2.6883781284588086,330.7881111442781,East
522,2024-04-14T00:00:00.000,STOPE_03,12.79863607864391,2.8072126782939253,534.7530376158074,North
523,2024-04-14T00:00:00.000,STOPE_04,18.49052630386496,2.8363173691897576,670.9161232978212,North
524,2024-04-14T00:00:00.000,STOPE_05,17.92559288934729,2.900218833987969,518.9581616598743,North
525,2024-04-15T00:00:00.000,STOPE_01,18.003138277701424,2.6964174699892416,524.1048477108166,South
526,2024-04-15T00:00:00.000,STOPE_02,19.42216815746424,2.729597385029305,588.580313760172,North
527,2024-04-15T00:00:00.000,STOPE_03,15.69002857128851,3.0864340287049266,472.84755245086177,East
528,2024-04-15T00:00:00.000,STOPE_04,15.226300916704778,2.479606837620566,475.39375118700514,North
529,2024-04-15T00:00:00.000,STOPE_05,12.470260214051425,2.758473789403524,325.0022125781203,North
530,2024-04-16T00:00:00.000,STOPE_01,21.87265177223629,2.8214084764157428,489.44699479976924,North
531,2024-04-16T00:00:00.000,STOPE_02,14.446930047848713,2.821235753564442,453.0447820938667,East
532,2024-04-16T00:00:00.000,STOPE_03,13.71209332644822,2.6615158040252287,359.3682536328166,East
533,2024-04-16T00:00:00.000,STOPE_04,14.750683282113915,2.5424105220963997,236.8568116580094,North
534,2024-04-16T00:00:00.000,STOPE_05,14.385194886560264,2.801373650987807,608.4479583073071,North
535,2024-04-17T00:00:00.000,STOPE_01,13.267409719477339,2.7015297975720878,365.70956017303916,South
536,2024-04-17T00:00:00.000,STOPE_02,14.519601613300079,2.934268015290093,521.3196628237689,West
537,2024-04-17T00:00:00.000,STOPE_03,12.744092004783543,3.0076479185731513,508.63675670734233,East
538,2024-04-17T00:00:00.000,STOPE_04,14.944325982701796,3.0152292625280026,460.088814779725,North
539,2024-04-17T00:00:00.000,STOPE_05,13.041309682765313,3.0961136111083776,429.06497120639335,West
540,2024-04-18T00:00:00.000,STOPE_01,15.80137995303445,2.9017450046459867,341.88092979678663,North
541,2024-04-18T00:00:00.000,STOPE_02,17.685114942228346,2.9375726654374033,541.9665522598069,South
542,2024-04-18T00:00:00.000,STOPE_03,15.434602993972666,2.677045426968616,429.1711537398337,South
543,2024-04-18T00:00:00.000,STOPE_04,16.028445487207872,2.9175859485468782,608.5593676408172,North
544,2024-04-18T00:00:00.000,STOPE_05,14.366609283516917,2.602564094569763,486.87430329076955,South
545,2024-04-19T00:00:00.000,STOPE_01,15.230555648876305,3.0268961040168634,418.7595001010236,South
546,2024-04-19T00:00:00.000,STOPE_02,18.67921543161115,3.0314192770927915,617.617510523992,South
547,2024-04-19T00:00:00.000,STOPE_03,9.798049411747943,2.5718441182628218,500.68030983927713,North
548,2024-04-19T00:00:00.000,STOPE_04,17.859409901739735,2.8574248330403647,438.75626253595624,South
549,2024-04-19T00:00:00.000,STOPE_05,16.084510575618303,3.0564197841917107,511.6869382341113,South
550,2024-04-20T00:00:00.000,STOPE_01,9.908707845041246,2.6708861142703046,767.8109873638392,South
551,2024-04-20T00:00:00.000,STOPE_02,13.543046471727983,2.7650724296380136,351.4977841719102,West
552,2024-04-20T00:00:00.000,STOPE_03,17.90837160158021,2.885438872374337,435.3772690156197,East
553,2024-04-20T00:00:00.000,STOPE_04,20.325932677828536,2.8162125741387314,419.50093390697117,South
554,2024-04-20T00:00:00.000,STOPE_05,14.202691240518051,3.0866844839650334,552.8068367746234,West
555,2024-04-21T00:00:00.000,STOPE_01,16.466075858127653,3.0992014425434355,545.7229874827689,East
556,2024-04-21T00:00:00.000,STOPE_02,17.38046616165664,2.4502936053523636,630.4340242878152,West
557,2024-04-21T00:00:00.000,STOPE_03,10.012524035892977,2.9153676335749186,260.82783422872063,South
558,2024-04-21T00:00:00.000,STOPE_04,14.24023526992437,2.5571081438494674,403.55957453883076,North
559,2024-04-21T00:00:00.000,STOPE_05,13.70953009322449,2.3300943386016266,533.4499201778118,East
560,2024-04-22T00:00:00.000,STOPE_01,13.313495920265094,2.7581556252510944,331.656180777905,South
561,2024-04-22T00:00:00.000,STOPE_02,12.582389800511434,2.8214320455564486,619.6690817654638,West
562,2024-04-22T00:00:00.000,STOPE_03,20.674163548651016,2.70758079626972,495.4029992082855,West
563,2024-04-22T00:00:00.000,STOPE_04,11.56000585643729,2.8055902910488917,541.8187078467749,North
564,2024-04-22T00:00:00.000,STOPE_05,13.690842328420294,2.778078039214834,491.16370407946647,South
565,2024-04-23T00:00:00.000,STOPE_01,13.889966910353618,2.4785280685994837,410.02121372158274,North
566,2024-04-23T00:00:00.000,STOPE_02,9.588655734665466,2.729002543177342,490.65659290830007,East
567,2024-04-23T00:00:00.000,STOPE_03,15.686947275183234,2.825150234507084,498.5801975588661,North
568,2024-04-23T00:00:00.000,STOPE_04,14.678093567987313,2.8895433851620553,342.91238479315007,West
569,2024-04-23T00:00:00.000,STOPE_05,11.619697593270583,2.796339303195702,539.7244609241453,North
570,2024-04-24T00:00:00.000,STOPE_01,19.718443922751543,2.850090481545555,478.08439802869384,South
571,2024-04-24T00:00:00.000,STOPE_02,18.683162631417535,2.908565311863805,584.8766502606424,South
572,2024-04-24T00:00:00.000,STOPE_03,14.495568544245632,2.7055818844605746,302.0700189624212,West
573,2024-04-24T00:00:00.000,STOPE_04,17.243730768352602,2.8648799943575822,464.20889096188375,West
574,2024-04-24T00:00:00.000,STOPE_05,15.875585286000044,2.979892994229649,696.0691272161047,North
575,2024-04-25T00:00:00.000,STOPE_01,18.382074729524273,2.6612263358383963,545.4971890600973,North
576,2024-04-25T00:00:00.000,STOPE_02,22.933030041051104,2.4994059343209694,525.3739661494574,North
577,2024-04-25T00:00:00.000,STOPE_03,16.403079515296298,2.690910800212051,495.0966626566522,South
578,2024-04-25T00:00:00.000,STOPE_04,13.914710793489558,2.85602427779389,433.45145853097847,South
579,2024-04-25T00:00:00.000,STOPE_05,17.619508292080397,2.80375606086329,565.3711880256194,West
580,2024-04-26T00:00:00.000,STOPE_01,18.378150752316504,2.7897212552823025,322.6967531793118,South
581,2024-04-26T00:00:00.000,STOPE_02,18.785764502141976,3.334702194079296,595.6833731156097,East
582,2024-04-26T00:00:00.000,STOPE_03,15.72141374799062,2.3160509505176474,771.5946572312882,East
583,2024-04-26T00:00:00.000,STOPE_04,14.190844405327992,2.7786810478170696,595.5154116900824,West
584,2024-04-26T00:00:00.000,STOPE_05,16.563367285138014,2.929043117190011,555.5604466003449,West
585,2024-04-27T00:00:00.000,STOPE_01,15.268742043765746,2.5953544467713403,420.55739465313195,East
586,2024-04-27T00:00:00.000,STOPE_02,14.594237023818923,3.0007133120366567,733.3244404285301,East
587,2024-04-27T00:00:00.000,STOPE_03,15.576848023197122,2.9770917917800674,578.9134025146678,South
588,2024-04-27T00:00:00.000,STOPE_04,18.37233815995804,2.9895052924245715,422.7122332176391,South
589,2024-04-27T00:00:00.000,STOPE_05,16.221156861373604,3.0169054092990173,548.9940582800073,North
590,2024-04-28T00:00:00.000,STOPE_01,12.316950261973792,2.6632080996401806,446.43866615745884,East
591,2024-04-28T00:00:00.000,STOPE_02,17.56985131387703,2.7752543327465653,464.352836263167,North
592,2024-04-28T00:00:00.000,STOPE_03,13.075555214331143,2.886384508934788,580.0409525227682,West
593,2024-04-28T00:00:00.000,STOPE_04,17.262873989440724,2.8361166413216723,514.5238716781665,East
594,2024-04-28T00:00:00.000,STOPE_05,12.69883648028797,2.8423634157948956,417.9758670551298,West
595,2024-04-29T00:00:00.000,STOPE_01,14.927916425758188,2.894064462105658,314.41622290496764,South
596,2024-04-29T00:00:00.000,STOPE_02,9.319155999138644,2.8426587414745876,500.12054753622243,South
597,2024-04-29T00:00:00.000,STOPE_03,12.548734106795429,2.7727105073291654,338.21660944416783,South
598,2024-04-29T00:00:00.000,STOPE_04,14.515906880971409,2.658085541409355,400.19701628202796,East
599,2024-04-29T00:00:00.000,STOPE_05,12.709705979549986,2.4814797831312783,424.24502887607184,West
600,2024-04-30T00:00:00.000,STOPE_01,17.488424525795246,2.761234772245439,473.5485158689389,North
601,2024-04-30T00:00:00.000,STOPE_02,8.98841290677974,2.5045343918187717,525.7760882860111,North
602,2024-04-30T00:00:00.000,STOPE_03,10.041243906483349,3.0406225292861606,414.53270550285833,North
603,2024-04-30T00:00:00.000,STOPE_04,16.005111375787404,2.9355887569905343,540.6085197016234,South
604,2024-04-30T00:00:00.000,STOPE_05,20.401533544532562,3.047789270587887,520.9659415274626,South
605,2024-05-01T00:00:00.000,STOPE_01,13.525091443103857,2.487017326156146,478.28066499390354,North
606,2024-05-01T00:00:00.000,STOPE_02,15.709745252628592,3.073941755593956,384.4374518331138,East
607,2024-05-01T00:00:00.000,STOPE_03,15.195804586027661,2.6609061537356773,655.7098540624207,East
608,2024-05-01T00:00:00.000,STOPE_04,12.915860606732824,2.718143512377379,447.59116020654074,West
609,2024-05-01T00:00:00.000,STOPE_05,15.457064616101166,2.625946489963805,478.62878480041184,North
610,2024-05-02T00:00:00.000,STOPE_01,13.1214299033353,2.803075796274421,595.5096379441476,East
611,2024-05-02T00:00:00.000,STOPE_02,11.901392314238839,2.6065863513055856,743.776958805973,South
612,2024-05-02T00:00:00.000,STOPE_03,17.475294794002906,2.6265739568578197,434.18835109247436,North
613,2024-05-02T00:00:00.000,STOPE_04,14.088821913670007,2.836980163385795,394.7034921599693,South
614,2024-05-02T00:00:00.000,STOPE_05,18.082264606016324,2.6672559246040572,484.0405438175004,North
615,2024-05-03T00:00:00.000,STOPE_01,17.834914996166194,2.920657206734759,483.0365880904845,East
616,2024-05-03T00:00:00.000,STOPE_02,15.796087048198885,2.6834482684776835,256.1182841723571,East
617,2024-05-03T00:00:00.000,STOPE_03,14.597162513441088,2.8923024810031617,590.348070854068,East
618,2024-05-03T00:00:00.000,STOPE_04,16.566731043744028,2.6367192027797914,519.150693879273,West
619,2024-05-03T00:00:00.000,STOPE_05,15.205111887930784,2.8764509878289837,419.60229263592635,North
620,2024-05-04T00:00:00.000,STOPE_01,13.147044313696949,2.73678542879459,561.5771149771142,South
621,2024-05-04T00:00:00.000,STOPE_02,18.611653311506448,2.799298401598292,402.9996032490957,East
622,2024-05-04T00:00:00.000,STOPE_03,6.502441287671374,2.8033781432484965,355.85179383902226,South
623,2024-05-04T00:00:00.000,STOPE_04,14.371642303052774,2.7427216253006446,532.7419771650988,North
624,2024-05-04T00:00:00.000,STOPE_05,15.98023429380696,2.8600948719221657,562.2207144043402,East
625,2024-05-05T00:00:00.000,STOPE_01,11.583500646657694,2.9675015744966475,630.6874095875273,West
626,2024-05-05T00:00:00.000,STOPE_02,17.912823994130584,3.120450645121382,425.799386434236,East
627,2024-05-05T00:00:00.000,STOPE_03,13.746109488484066,2.874433736294419,441.2502185028257,South
628,2024-05-05T00:00:00.000,STOPE_04,11.431764321398017,3.1285345906511925,409.93792653521314,West
629,2024-05-05T00:00:00.000,STOPE_05,16.915175776825148,3.0004170433180817,551.7196834539013,South
630,2024-05-06T00:00:00.000,STOPE_01,9.768455650101306,2.8238036812107947,347.4680909766544,South
631,2024-05-06T00:00:00.000,STOPE_02,11.59855321473935,2.835297462072525,508.2329886717087,East
632,2024-05-06T00:00:00.000,STOPE_03,7.3129990236140685,2.761794447479966,741.2615421612916,West
633,2024-05-06T00:00:00.000,STOPE_04,17.35381286369407,2.923406034064139,536.738869063063,South
634,2024-05-06T00:00:00.000,STOPE_05,21.053723891499715,2.8432633763137,605.361239924366,East
635,2024-05-07T00:00:00.000,STOPE_01,12.829611573389137,2.711606360549158,466.39260138499634,West
636,2024-05-07T00:00:00.000,STOPE_02,17.01858370790046,2.9183628267482753,464.5959289058976,West
637,2024-05-07T00:00:00.000,STOPE_03,13.279194681309297,2.5587457381434393,371.9731590637061,East
638,2024-05-07T00:00:00.000,STOPE_04,8.515319000042421,2.8511147307424736,598.8669169358003,East
639,2024-05-07T00:00:00.000,STOPE_05,10.945662705324086,2.8711585949855323,576.8517114149556,West
640,2024-05-08T00:00:00.000,STOPE_01,15.520024993111225,2.8487906395816998,477.6797745365195,South
641,2024-05-08T00:00:00.000,STOPE_02,19.469590315806247,2.8624139195589935,514.9931670063391,South
642,2024-05-08T00:00:00.000,STOPE_03,20.014448673546276,2.7784881736282183,430.4956339850261,South
643,2024-05-08T00:00:00.000,STOPE_04,14.87649156926235,3.2252871177946414,543.2976682727732,East
644,2024-05-08T00:00:00.000,STOPE_05,11.219505704482259,2.6767277183921045,462.4803619676063,South
645,2024-05-09T00:00:00.000,STOPE_01,14.046854709731297,2.7079186768721515,586.474469164084,East
646,2024-05-09T00:00:00.000,STOPE_02,15.977122073439599,2.7260828942165722,370.18731149453697,West
647,2024-05-09T00:00:00.000,STOPE_03,19.734320423734545,3.0245727907467614,551.7543775812271,East
648,2024-05-09T00:00:00.000,STOPE_04,14.297940422679055,2.8932716748892666,598.7334516589102,North
649,2024-05-09T00:00:00.000,STOPE_05,14.772146929072433,3.0229032568436915,611.394863321566,South
650,2024-05-10T00:00:00.000,STOPE_01,11.732759651556586,2.768835705134179,503.78619150089503,East
651,2024-05-10T00:00:00.000,STOPE_02,16.753717883848704,2.8911237239049075,485.2143000156269,South
652,2024-05-10T00:00:00.000,STOPE_03,14.429882894995517,2.7285109154379144,481.96083182375924,South
653,2024-05-10T00:00:00.000,STOPE_04,19.11854542402959,2.7659640666986895,368.593269146596,East
654,2024-05-10T00:00:00.000,STOPE_05,14.397752509341407,2.553571534037033,544.7861747751793,West
655,2024-05-11T00:00:00.000,STOPE_01,16.113282153941768,2.64766235875328,530.9877284583147,West
656,2024-05-11T00:00:00.000,STOPE_02,10.205626944348758,2.8924345332163885,702.4309623286853,East
657,2024-05-11T00:00:00.000,STOPE_03,10.910477986221569,2.6355136845490272,631.6958836686704,North
658,2024-05-11T00:00:00.000,STOPE_04,15.080043171331608,2.9144185556809843,491.51101814976465,West
659,2024-05-11T00:00:00.000,STOPE_05,11.270028214781703,2.588505761560838,425.0188592833541,East
660,2024-05-12T00:00:00.000,STOPE_01,12.130690869545974,2.8944812555760753,648.4116028535965,South
661,2024-05-12T00:00:00.000,STOPE_02,16.06684004635698,3.0275412405429556,534.9594999360297,West
662,2024-05-12T00:00:00.000,STOPE_03,16.855465141369425,2.7585044954632254,562.8625232841216,West
663,2024-05-12T00:00:00.000,STOPE_04,11.191814380153186,2.702009968967893,546.8605796499592,East
664,2024-05-12T00:00:00.000,STOPE_05,13.589873556721496,2.8531756459304094,456.32802639594047,East
665,2024-05-13T00:00:00.000,STOPE_01,14.801602156122533,3.4991755579200197,353.65940415733115,East
666,2024-05-13T00:00:00.000,STOPE_02,10.96765658891044,2.47934790663681,524.7511916576204,North
667,2024-05-13T00:00:00.000,STOPE_03,15.45121631452849,2.4590605973007458,457.74588895949626,North
668,2024-05-13T00:00:00.000,STOPE_04,12.946110522719987,2.9581251198325536,302.9896182288164,West
669,2024-05-13T00:00:00.000,STOPE_05,17.67779201489793,2.639205520238604,574.6088119539685,North
670,2024-05-14T00:00:00.000,STOPE_01,15.641711604604446,2.7621172658036897,345.9752367968923,East
671,2024-05-14T00:00:00.000,STOPE_02,20.950158704555136,2.435111822664707,423.83540938619643,East
672,2024-05-14T00:00:00.000,STOPE_03,12.303647855030615,2.5339372748522018,481.08796092229665,West
673,2024-05-14T00:00:00.000,STOPE_04,17.764950335773378,2.5162582924905053,521.3645881512472,West
674,2024-05-14T00:00:00.000,STOPE_05,13.347836412913466,2.5947560722509944,463.37684606817385,North
675,2024-05-15T00:00:00.000,STOPE_01,16.331640690652307,2.518849053869409,406.87324202837357,East
676,2024-05-15T00:00:00.000,STOPE_02,7.187358430118597,2.8397896293592986,543.673855173351,North
677,2024-05-15T00:00:00.000,STOPE_03,16.212884264885094,2.9798870081511444,574.4584027199679,West
678,2024-05-15T00:00:00.000,STOPE_04,12.143463579781951,2.884531013100321,510.9470604047289,West
679,2024-05-15T00:00:00.000,STOPE_05,18.15758682404899,2.873696720667399,482.04895372584883,East
680,2024-05-16T00:00:00.000,STOPE_01,16.04302945061501,2.702554287177289,432.4291920838388,South
681,2024-05-16T00:00:00.000,STOPE_02,15.102457252464074,2.683577681241914,441.1961421541125,North
682,2024-05-16T00:00:00.000,STOPE_03,11.910195987282759,2.650193705808981,621.737356975163,North
683,2024-05-16T00:00:00.000,STOPE_04,17.461666257019118,2.9182217227077083,639.6848201813327,South
684,2024-05-16T00:00:00.000,STOPE_05,18.58232820914212,2.6037668937720637,453.5595737690612,South
685,2024-05-17T00:00:00.000,STOPE_01,16.386182679755688,2.524654059499274,453.5778902566774,South
686,2024-05-17T00:00:00.000,STOPE_02,19.37919562511382,2.455979489810436,440.157406465644,East
687,2024-05-17T00:00:00.000,STOPE_03,15.685729582553693,2.826651446772255,325.07799569897895,North
688,2024-05-17T00:00:00.000,STOPE_04,16.951350277608416,2.499383939648036,605.1947617722918,North
689,2024-05-17T00:00:00.000,STOPE_05,12.005818118056762,3.0913419900123587,531.1814183477261,East
690,2024-05-18T00:00:00.000,STOPE_01,8.072448806145403,2.83141072108029,608.1942059740849,East
691,2024-05-18T00:00:00.000,STOPE_02,17.986597407249242,2.745111994578196,522.0381582788034,South
692,2024-05-18T00:00:00.000,STOPE_03,16.997772756163386,2.884317322122891,583.8940500469612,North
693,2024-05-18T00:00:00.000,STOPE_04,13.148240440359231,2.7263549449517814,454.0269268625773,West
694,2024-05-18T00:00:00.000,STOPE_05,18.17462114083172,2.987512024440953,563.3611540575831,North
695,2024-05-19T00:00:00.000,STOPE_01,15.263906463158492,2.7634196685769563,303.48994256464107,West
696,2024-05-19T00:00:00.000,STOPE_02,17.08661327269733,2.9698204221486284,470.60330523358175,West
697,2024-05-19T00:00:00.000,STOPE_03,14.785202244425799,2.8512109728566517,467.676203547791,North
698,2024-05-19T00:00:00.000,STOPE_04,14.819133025825165,2.890959033928476,577.4131461619365,East
699,2024-05-19T00:00:00.000,STOPE_05,11.995688770484767,2.8612819709970423,684.2479044567211,West
700,2024-05-20T00:00:00.000,STOPE_01,15.02118947588453,2.6679357721053103,569.8828420202535,North
701,2024-05-20T00:00:00.000,STOPE_02,16.262918833168168,2.837432804097232,522.992646789343,East
702,2024-05-20T00:00:00.000,STOPE_03,11.648576019370468,2.5975810228404845,537.6574015139124,North
703,2024-05-20T00:00:00.000,STOPE_04,17.429573524911078,2.758970354200426,452.9591107468579,East
704,2024-05-20T00:00:00.000,STOPE_05,18.6358319561592,2.852250106246771,463.0722860753797,North
705,2024-05-21T00:00:00.000,STOPE_01,15.430165402026754,2.7890774651883814,476.0101082919839,North
706,2024-05-21T00:00:00.000,STOPE_02,18.749342104210818,2.49698093140887,621.77484856512,South
707,2024-05-21T00:00:00.000,STOPE_03,12.394676912243554,2.513696400455337,559.7274887556583,North
708,2024-05-21T00:00:00.000,STOPE_04,13.392595610843106,2.4585284084814103,388.3475560051341,South
709,2024-05-21T00:00:00.000,STOPE_05,18.707434860020815,2.699383892179069,374.9931510793606,North
710,2024-05-22T00:00:00.000,STOPE_01,19.161772233157787,3.0293247833123855,381.45376464049,East
711,2024-05-22T00:00:00.000,STOPE_02,16.562904496724485,2.8946745008051917,633.5655897144562,West
712,2024-05-22T00:00:00.000,STOPE_03,12.108723221368168,2.6085698170209914,534.3787881549886,South
713,2024-05-22T00:00:00.000,STOPE_04,14.854042945288647,2.880982819791826,495.7664341801763,South
714,2024-05-22T00:00:00.000,STOPE_05,19.540793923958333,2.6773278374963434,435.7242697051442,East
715,2024-05-23T00:00:00.000,STOPE_01,20.104563211262203,2.6405714551186863,503.6874804186346,East
716,2024-05-23T00:00:00.000,STOPE_02,14.749686090628918,2.510070956060294,407.81401868746866,South
717,2024-05-23T00:00:00.000,STOPE_03,11.988127883755505,2.6365196377822557,543.5674910905911,East
718,2024-05-23T00:00:00.000,STOPE_04,14.749847174177122,2.837138517948212,519.7327262595211,West
719,2024-05-23T00:00:00.000,STOPE_05,12.561816129244704,2.822924301839998,412.4100422283891,North
720,2024-05-24T00:00:00.000,STOPE_01,17.434189663474776,2.5703473422494763,581.8777643754861,North
721,2024-05-24T00:00:00.000,STOPE_02,19.61379575523766,2.4704403783231927,516.9441830859687,South
722,2024-05-24T00:00:00.000,STOPE_03,14.355268934549766,2.8553586898650574,666.4317098124635,North
723,2024-05-24T00:00:00.000,STOPE_04,17.174171573682777,2.8284111623187997,449.911855869792,North
724,2024-05-24T00:00:00.000,STOPE_05,10.406677492332832,2.902850951203567,557.2057441714144,West
725,2024-05-25T00:00:00.000,STOPE_01,14.813426949002068,2.951581079222202,645.9107157301978,West
726,2024-05-25T00:00:00.000,STOPE_02,12.406826787257458,2.771814417144476,531.6540326608632,West
727,2024-05-25T00:00:00.000,STOPE_03,15.568982631190263,2.8521778129364193,529.7127352119404,East
728,2024-05-25T00:00:00.000,STOPE_04,20.24875171261626,3.0762908157380973,370.7737304894381,West
729,2024-05-25T00:00:00.000,STOPE_05,17.069123415735582,2.9174275368425695,387.1526370252453,North
730,2024-05-26T00:00:00.000,STOPE_01,16.07754914757624,2.913588348615026,430.1395164403946,West
731,2024-05-26T00:00:00.000,STOPE_02,12.388448682456932,2.7507380489266384,569.7776901011213,South
732,2024-05-26T00:00:00.000,STOPE_03,17.04615619713786,3.097449231067185,441.9946758629957,West
733,2024-05-26T00:00:00.000,STOPE_04,15.718213501606131,2.9536359128925693,466.6828335169073,East
734,2024-05-26T00:00:00.000,STOPE_05,10.798741319007696,2.841354955966883,641.7020412981626,West
735,2024-05-27T00:00:00.000,STOPE_01,17.044018509556828,2.721278112530281,646.9798926277288,North
736,2024-05-27T00:00:00.000,STOPE_02,18.218934143298036,3.272774498923872,421.40139673650174,South
737,2024-05-27T00:00:00.000,STOPE_03,10.856866190538675,2.7159209755276743,636.2617026613368,South
738,2024-05-27T00:00:00.000,STOPE_04,17.49212955148827,2.596535218440519,338.4633548723274,West
739,2024-05-27T00:00:00.000,STOPE_05,8.893407471546382,2.8765724583242895,452.0575258284069,South
740,2024-05-28T00:00:00.000,STOPE_01,13.35132859227426,2.9719175773959603,461.2869350210485,West
741,2024-05-28T00:00:00.000,STOPE_02,14.863766346203285,2.4670780529932466,662.6142798783112,East
742,2024-05-28T00:00:00.000,STOPE_03,17.379508100379294,2.7966928499504746,525.2060342705278,South
743,2024-05-28T00:00:00.000,STOPE_04,13.871602857077592,2.7942582819575543,484.626242767278,South
744,2024-05-28T00:00:00.000,STOPE_05,14.163111209004574,2.744047966300833,579.0371896051711,North
745,2024-05-29T00:00:00.000,STOPE_01,16.020153883706673,2.758214302624084,626.7922133331888,West
746,2024-05-29T00:00:00.000,STOPE_02,11.976558303787707,2.5765851715076504,509.9605756521441,East
747,2024-05-29T00:00:00.000,STOPE_03,10.020733243565811,2.971494699600247,413.3380391335868,South
748,2024-05-29T00:00:00.000,STOPE_04,16.445598185155475,2.909452959475593,554.8883835317364,West
749,2024-05-29T00:00:00.000,STOPE_05,14.235132619338906,2.9138158519071284,623.2524883117907,North
750,2024-05-30T00:00:00.000,STOPE_01,17.12290927112546,2.801807637302461,606.4876739290238,East
751,2024-05-30T00:00:00.000,STOPE_02,8.579202363666063,2.861652168112498,284.3399303367212,North
752,2024-05-30T00:00:00.000,STOPE_03,17.765404505931755,2.8965375774418423,542.0094490451842,North
753,2024-05-30T00:00:00.000,STOPE_04,16.820551779647012,2.335673918660017,393.4300282644558,West
754,2024-05-30T00:00:00.000,STOPE_05,11.8889472918367,2.9487631397000915,511.2104946824517,South
755,2024-05-31T00:00:00.000,STOPE_01,20.233917519776043,2.3877349088117716,555.0986657571314,South
756,2024-05-31T00:00:00.000,STOPE_02,12.871260435752482,2.5482990178649327,478.298294957563,North
757,2024-05-31T00:00:00.000,STOPE_03,14.074551634632542,2.666122789445773,397.95954361677633,East
758,2024-05-31T00:00:00.000,STOPE_04,14.56173953540496,2.6814146933903955,426.30138195832444,West
759,2024-05-31T00:00:00.000,STOPE_05,12.904533612828919,2.8517043829439244,503.82334352162377,North
760,2024-06-01T00:00:00.000,STOPE_01,10.242050063286126,2.424015122972191,687.0965175371782,East
761,2024-06-01T00:00:00.000,STOPE_02,16.168842532112713,2.648537897264408,564.8088364660409,South
762,2024-06-01T00:00:00.000,STOPE_03,18.045684274995217,2.7517537867405295,554.8878843818957,North
763,2024-06-01T00:00:00.000,STOPE_04,21.657603815885334,2.7915597211375913,693.1439151127056,North
764,2024-06-01T00:00:00.000,STOPE_05,12.313961032910928,2.7183798321679555,400.4184605209771,North
